Name,Tree,NodeId,Kind,NodeName,Description,MaxPoints,Threshold,PositionX,PositionY,Option1Name,Option1Description,Option2Name,Option2Description,Option3Name,Option3Description
Berserker_trunk_000,Berserker,trunk_000,basic,Fury,Unlocks the Fury resource. Gain 1 Fury per critical strike. Fury begins decaying at 10 Fury/s after 3 seconds out of combat. Base of 100 Fury.,1,0,0.0,770.0,,,,,,
Berserker_trunk_001,Berserker,trunk_001,basic,Battle Lust,+1 Fury gained per point on every critical melee strike.,8,0,0.0,650.0,,,,,,
Berserker_trunk_002,Berserker,trunk_002,basic,Bloodthirst,+0.3% life leech per point on all melee attacks.,8,0,-160.0,650.0,,,,,,
Berserker_trunk_003,Berserker,trunk_003,basic,Killing Edge,+3% critical strike chance per point on melee attacks.,8,0,160.0,650.0,,,,,,
Berserker_trunk_004,Berserker,trunk_004,basic,Unbridled,+10 maximum Fury per point. At 5 points: Every 20 points of maximum Fury you have also grants 1% damage reduction.,8,0,0.0,530.0,,,,,,
Berserker_trunk_005,Berserker,trunk_005,basic,Savage Blows,+5% critical strike multiplier per point on melee attacks.,8,0,160.0,530.0,,,,,,
Berserker_trunk_006,Berserker,trunk_006,keystone,Open Wounds,"Life leech can overheal you up to 30% above your maximum HP. Bonus HP from overleech decays at 1% per second when you are not leeching. While you have any overleech HP, incoming damage removes overleech before your actual HP.",1,0,0.0,-430.0,,,,,,
Berserker_trunk_007,Berserker,trunk_007,basic,Battle Cry,Reduce your passive Fury loss by 0.2 per point.,10,0,0.0,410.0,,,,,,
Berserker_trunk_008,Berserker,trunk_008,basic,Blood Price,"When your Fury reaches 0 for any reason, your next melee attack within 3 seconds deals bonus damage equal to 5% per point of your maximum Fury.",8,0,-160.0,410.0,,,,,,
Berserker_trunk_009,Berserker,trunk_009,basic,Berserking,When you reach maximum Fury your next melee attack consumes all Fury. For each point of Fury consumed that attack deals +10% bonus damage per point invested.,10,0,160.0,410.0,,,,,,
Berserker_trunk_010,Berserker,trunk_010,basic,War Cry,+2% melee damage per point for 4 seconds after attacking at maximum Fury.,6,0,0.0,290.0,,,,,,
Berserker_trunk_011,Berserker,trunk_011,keystone,Thick Skin,"You gain 1% damage reduction for every 4% of your maximum Fury you currently hold, up to 25% at maximum Fury.",1,0,-160.0,290.0,,,,,,
Berserker_trunk_012,Berserker,trunk_012,keystone,Bloodied,While below 30% HP your Fury generation is tripled and Berserking triggers on every melee hit rather than only when Fury is full.,1,0,160.0,290.0,,,,,,
Berserker_twoh_001,Berserker,twoh_001,basic,Wrath,"Two-handed weapons only. When you reach maximum Fury, enter a state of Wrath. While in Wrath your melee attacks deal +15% damage. Fury drains at 5 per second. Wrath ends when Fury reaches 0.",1,0,-320.0,410.0,,,,,,
Berserker_twoh_002,Berserker,twoh_002,basic,Momentum,"Two-handed weapons only. Each consecutive melee hit on the same target increases your damage by 3% per point up to 5 consecutive hits. While in Wrath, this bonus is gained twice as fast. Switching targets resets the bonus.",8,0,-480.0,290.0,,,,,,
Berserker_twoh_003,Berserker,twoh_003,basic,Skull Splitter,"Two-handed weapons only. +6% critical strike multiplier per point. While in Wrath, critical strikes drain an additional 3 Fury per hit in exchange for applying a 2-second armor reduction of 10% per point on the target. At 5 points: This armor reduction stacks up to 6 times instead of 4.",8,0,-320.0,290.0,,,,,,
Berserker_twoh_004,Berserker,twoh_004,basic,Cleave,Two-handed weapons only. Your melee attacks hit all enemies in a 180 degree arc in front of you. Arc width increases by 10 degrees per point. Each enemy hit beyond the first costs 5 Fury and generates 3 Fury per point if Fury was available to pay the cost.,6,0,-480.0,170.0,,,,,,
Berserker_twoh_005,Berserker,twoh_005,basic,Crusher,"Two-handed weapons only. +8% chance per point to stagger an enemy on melee hit, interrupting any action they were performing.",8,0,-320.0,170.0,,,,,,
Berserker_twoh_006,Berserker,twoh_006,basic,Brute Force,Two-handed weapons only. +10% damage per point against staggered enemies.,6,0,-640.0,50.0,,,,,,
Berserker_twoh_007,Berserker,twoh_007,basic,Death Blow,Two-handed weapons only. +5% critical strike chance per point on melee attacks against enemies below 25% HP.,8,0,-320.0,50.0,,,,,,
Berserker_twoh_008,Berserker,twoh_008,keystone,Overwhelming Force,"Two-handed weapons only. When you attack at maximum Fury, the force of the attack releases a shockwave that deals 30% of your attack damage per point to all enemies within 5 meters.",1,0,-640.0,-70.0,,,,,,
Berserker_twoh_009,Berserker,twoh_009,basic,Shatter,"Two-handed weapons only. Critical melee strikes reduce enemy armor by 5% per point for 5 seconds, stacking up to 4 times.",6,0,-480.0,-70.0,,,,,,
Berserker_twoh_010,Berserker,twoh_010,basic,Juggernaut,"Two-handed weapons only. +3% movement speed per point. At 5 points: You cannot be staggered, stunned, or knocked back while above 50% Fury.",8,0,-320.0,-70.0,,,,,,
Berserker_twoh_011,Berserker,twoh_011,basic,Titan's Grip,"Two-handed weapons only. While in Wrath, drain 4 additional Fury per second to increase all melee damage by +10% per point. This bonus is lost immediately if Wrath ends.",10,0,-640.0,-190.0,,,,,,
Berserker_twoh_012,Berserker,twoh_012,basic,Seismic Slam,"Two-handed weapons only. When you attack at maximum Fury, the shockwave from the attack travels along the ground dealing 30% per point of the hit's damage to all enemies in a line.",6,0,-480.0,-190.0,,,,,,
Berserker_twoh_013,Berserker,twoh_013,basic,Executioner,Two-handed weapons only. Melee attacks made at maximum Fury deal an additional +1% damage per point for every 1% of HP the target is missing.,10,0,-320.0,-190.0,,,,,,
Berserker_twoh_014,Berserker,twoh_014,basic,Wrecking Ball,"Two-handed weapons only. +5% AOE radius per point on all attacks. At 5 points: Enemies killed by AOE damage explode, dealing 20% of their max HP as damage to nearby enemies.",12,0,-640.0,-310.0,,,,,,
Berserker_twoh_015,Berserker,twoh_015,basic,Killing Blow,"Two-handed weapons only. +6% critical strike multiplier per point on melee attacks. At 10 points: when you attack at maximum Fury, all enemies below 25% HP are instantly killed.",12,0,-480.0,-310.0,,,,,,
Berserker_twoh_016,Berserker,twoh_016,basic,Warmonger,"Two-handed weapons only. While in Wrath, each enemy within melee range drains 3 additional Fury per second. For each enemy draining Fury this way, your melee damage is increased by +8% per point.",6,0,-320.0,-310.0,,,,,,
Berserker_twoh_ks_001,Berserker,twoh_ks_001,keystone,Colossus,"Two-handed weapons only. While in Wrath, using a movement skill triggers your Earthquake skill at your landing location at no cooldown cost. The damage and AOE radius of this Earthquake are scaled by your current Fury at the moment of landing — 100% potency at maximum Fury, scaling down to 25% potency at minimum Fury. All modifiers to your Earthquake skill apply normally.",1,0,-640.0,-430.0,,,,,,
Berserker_twoh_ks_002,Berserker,twoh_ks_002,keystone,Berserker's Rage,Two-handed weapons only. Effects that trigger at maximum Fury no longer drain your Fury when they fire.,1,0,-480.0,-430.0,,,,,,
Berserker_twoh_ks_003,Berserker,twoh_ks_003,keystone,Apex Predator,Two-handed weapons only. Killing an enemy with an attack made at maximum Fury instantly reduces all cooldowns by 50%,1,0,-320.0,-430.0,,,,,,
Berserker_dw_001,Berserker,dw_001,basic,Frenzy,"Dual wield only. When you reach maximum Fury, enter a state of Frenzy. While in Frenzy your attack speed is increased by 20% and all melee hits generate 2 additional Fury. Fury drains at 8 per second. Frenzy ends when Fury reaches 0.",1,0,320.0,410.0,,,,,,
Berserker_dw_002,Berserker,dw_002,basic,Flurry,Dual wield only. Every 5th consecutive melee attack triggers an additional offhand strike dealing 50% weapon damage per point.,8,0,480.0,290.0,,,,,,
Berserker_dw_003,Berserker,dw_003,basic,Weaving,"Dual wield only. Alternating main hand and offhand attacks increases damage by 2% per point up to 6 stacks. While in Frenzy, each alternating strike costs 3 Fury but the damage bonus per stack is doubled.",8,0,320.0,290.0,,,,,,
Berserker_dw_004,Berserker,dw_004,basic,Rend,"Dual wield only. Each melee hit reduces the target's damage reduction by 1% per point for 3 seconds, stacking up to 5 times. Stacks refresh on each hit. At 5 points: The stack cap is increased to 8.",8,0,640.0,170.0,,,,,,
Berserker_dw_005,Berserker,dw_005,basic,Relentless,"Dual wield only. While in Frenzy, every melee hit that does not crit still generates +1 Fury per point. Reduces the effective drain rate of Frenzy by rewarding consistent aggression.",6,0,480.0,170.0,,,,,,
Berserker_dw_006,Berserker,dw_006,basic,Open Wound,"Dual wield only. Critical melee strikes apply a wound to the target for 2 seconds per point. While wounded, the target takes +3% increased damage per point from all sources. Applying a new wound refreshes the duration.",6,0,640.0,50.0,,,,,,
Berserker_dw_007,Berserker,dw_007,basic,Dancing Blades,"Dual wield only. While in Frenzy, each unique enemy you have hit in the last 3 seconds drains 2 additional Fury per second and grants +6% damage per point against that enemy. Tracking ends if Frenzy ends.",6,0,320.0,170.0,,,,,,
Berserker_dw_008,Berserker,dw_008,basic,Feeding Frenzy,"Dual wield only. +0.3% life leech per point for each melee attack you have landed in the last 2 seconds, up to 10 attacks. While in Frenzy this cap is doubled.",8,0,480.0,50.0,,,,,,
Berserker_dw_009,Berserker,dw_009,basic,Rapid Fire,"Dual wield only. Each time you attack at maximum Fury your melee attack speed increases by 5% per point for 3 seconds, stacking up to 4 times.",6,0,320.0,50.0,,,,,,
Berserker_dw_010,Berserker,dw_010,basic,Flurry of Blows,"Dual wield only. +1% damage per point for each melee attack you have landed in the last 2 seconds, up to 10 attacks. Resets if you go 2 seconds without landing a hit. At 5 points: The tracking window is extended to 3 seconds.",8,0,640.0,-70.0,,,,,,
Berserker_dw_011,Berserker,dw_011,basic,Blur,Dual wield only. Each melee hit increases your movement speed by 2% per point for 4 seconds. Multiple hits refresh the duration and stack the bonus up to 5 times.,6,0,480.0,-70.0,,,,,,
Berserker_dw_012,Berserker,dw_012,basic,Frenetic,"Dual wield only. While in Frenzy, for every 10 Fury drained by the Frenzy state, automatically trigger a bonus strike at 20% weapon damage per point. These strikes can proc leech and critical strikes independently.",10,0,320.0,-70.0,,,,,,
Berserker_dw_013,Berserker,dw_013,basic,Death Strike,Dual wield only. Melee attacks against enemies below 20% HP deal bonus damage equal to +2% per point of the target's missing HP percentage. While in Frenzy this threshold is increased to 35%.,6,0,640.0,-190.0,,,,,,
Berserker_dw_014,Berserker,dw_014,basic,Hair-Trigger,"Dual wield only. While in Frenzy, your critical strike chance is increased by 2% per point. This bonus is doubled while above 75% Fury.",10,0,712.3459403529026,-247.9865317665414,,,,,,
Berserker_dw_015,Berserker,dw_015,basic,Unrelenting,Dual wield only. Killing an enemy refunds 20% of your maximum Fury per point up to a maximum of 60%.,6,0,480.0,-190.0,,,,,,
Berserker_dw_016,Berserker,dw_016,basic,Bloodlust,"Dual wield only. Killing an enemy increases your attack speed by 4% per point for 4 seconds, stacking up to 5 times. While in Frenzy kills also restore 5 Fury.",12,0,639.5256446460832,-310.6742619972853,,,,,,
Berserker_dw_017,Berserker,dw_017,basic,Carnage,"Dual wield only. Killing an enemy while in Frenzy extends the current Frenzy duration by 1 second per point, up to a maximum extension of 6 seconds. This can trigger multiple times per Frenzy.",6,0,480.0,-310.0,,,,,,
Berserker_dw_018,Berserker,dw_018,basic,Knife Dance,Dual wield only. Each automatic strike triggered by Frenetic generates 2 Fury per point.,6,0,320.0,-310.0,,,,,,
Berserker_dw_ks_001,Berserker,dw_ks_001,keystone,Whirlwind,Dual wield only. When you attack at maximum Fury the strike automatically becomes a spinning attack hitting all enemies within melee range. Each enemy hit generates 3 Fury. Enemies hit while you are at maximum Fury are knocked back and take 50% bonus damage.,1,0,640.0,-430.0,,,,,,
Berserker_dw_ks_002,Berserker,dw_ks_002,keystone,Unstoppable Force,"Dual wield only. Killing an enemy while in Frenzy immediately resets the Frenetic auto-strike timer. Additionally, entering Frenzy instantly triggers three bonus strikes at full damage.",1,0,322.008221770991,-429.75438133884103,,,,,,
Berserker_dw_ks_003,Berserker,dw_ks_003,keystone,Phantom Blades,Dual wield only. Each melee strike creates a phantasmal echo that replays the attack 0.75 seconds later at 60% damage. Phantom strikes can trigger leech and critical strikes independently but do not generate Fury.,1,0,480.4524424742495,-428.46701488081925,,,,,,
Berserker_crit_001,Berserker,crit_001,basic,Razor Mind,+4% critical strike multiplier per point on melee attacks. Critical strikes also generate +2 Fury per point. At 5 points: Critical strikes made while above 75% Fury generate double Fury from this effect.,8,0,0.0,170.0,,,,,,
Berserker_crit_002,Berserker,crit_002,basic,Precision,"+2% critical strike chance per point on melee attacks. While above 50% Fury, your critical strike chance is additionally increased by 1% per point.",8,0,160.0,50.0,,,,,,
Berserker_crit_003,Berserker,crit_003,basic,Glass Cannon,+8% critical strike multiplier per point on melee attacks. At 4 points: Your critical melee strikes ignore 20% of enemy resistances. Each point of Fury above your normal maximum (from any source) increases your critical strike multiplier by an additional 0.5% per point invested here.,6,0,160.0,-70.0,,,,,,
Berserker_crit_004,Berserker,crit_004,basic,Deathmark,"Critical strikes apply a Deathmark for 5 seconds. Applying a Deathmark costs 10 Fury, reduced by 1 per point. Marked enemies take +3% increased damage per point from all sources. If you have no Fury the mark still applies but deals no bonus damage.",6,0,0.0,-70.0,,,,,,
Berserker_crit_005,Berserker,crit_005,basic,Killing Rhythm,"+5% critical strike multiplier per point for each consecutive critical strike, up to 5 stacks. Missing a critical strike or your Fury reaching 0 resets the streak.",6,0,160.0,-190.0,,,,,,
Berserker_crit_ks_001,Berserker,crit_ks_001,keystone,Coup de Grace,Your critical strikes deal bonus damage equal to 2% of the target's missing HP. This bonus is tripled on attacks made at maximum Fury.,1,0,-160.0,-310.0,,,,,,
Berserker_crit_ks_002,Berserker,crit_ks_002,keystone,Hair Trigger,Critical strike chance past 100% is converted to critical strike multiplier at a 2:1 ratio.,1,0,160.0,-310.0,,,,,,
Berserker_leech_001,Berserker,leech_001,basic,Crimson Tide,+0.5% life leech per point on melee attacks. At 5 points: Life leech is applied instantly rather than over time. Every 10 Fury you spend or drain generates a heal equal to 0.5% per point of your maximum HP.,8,0,-160.0,170.0,,,,,,
Berserker_leech_002,Berserker,leech_002,keystone,Iron Will,Your maximum HP bonus from all sources also increases your maximum Fury by 1 point for every 2% maximum HP bonus you have.,1,0,-160.0,50.0,,,,,,
Berserker_leech_003,Berserker,leech_003,basic,Vital Strike,"+1% life leech per point on critical melee strikes only. Critical strike leech is not subject to the normal leech cap. Excess leech beyond your HP cap is stored and added as bonus Fury generation on your next hit, up to 10 Fury per point.",6,0,0.0,50.0,,,,,,
Berserker_leech_004,Berserker,leech_004,keystone,Undying,"When you would be reduced to 0 HP, if you have at least 50 Fury, you are instead reduced to 1 HP. All of your Fury is instantly spent, restoring HP equal to 5% of your maximum HP per 10 Fury spent.",1,0,-160.0,-190.0,,,,,,
Berserker_leech_005,Berserker,leech_005,basic,Sanguine,"+1% life leech per point on melee attacks. Each time you leech HP your Fury generation on the next hit is increased by 1 per point, stacking up to 5 times. Stacks reset if you go 2 seconds without leeching. At 4 points: The stack cap is increased to 10.",6,0,-160.0,-70.0,,,,,,
Berserker_leech_006,Berserker,leech_006,basic,Feast,+0.3% life leech per point for every 10 Fury you currently have. When your Fury reaches 0 for any reason you instantly leech 1% per point of your maximum HP.,10,0,0.0,-190.0,,,,,,
Berserker_leech_ks_001,Berserker,leech_ks_001,keystone,Vampiric Fury,Life leech now also restores Fury at a rate of 1 Fury per 2% of maximum HP leeched. Fury cannot be restored above maximum by this effect.,1,0,-320.0,530.0,,,,,,
Berserker_capstone_25,Berserker,capstone_25,capstone,First Oath,Unlocks at 25 points spent. Choose one of three oaths.,1,25,-909.4447618621665,810.8796031781528,Warlord,"Two-handed weapons only. While above 50% Fury, your melee attacks reduce the armor of all enemies within 5 meters by 15% for 3 seconds. This effect refreshes on each hit.",Opportunist,Dual wield only. Entering Frenzy immediately resets the cooldown of your movement skill.,Vital Strikes,"While above 50% Fury, all incoming damage is reduced by your current life leech percentage."
Berserker_capstone_50,Berserker,capstone_50,capstone,Second Oath,Unlocks at 50 points spent. Choose one of three oaths.,1,50,-909.4447618621665,570.8796031781528,Unstoppable,"Two-handed weapons only. While above 75% Fury you cannot be slowed, rooted, or knocked back.",Cut and Run,"Dual wield only. While in Frenzy, your movement speed is increased by 5% for each enemy within melee range.",Thrill of the Hunt,Your critical strike multiplier is increased by 1% for every 1% of HP you are currently missing.
Berserker_capstone_100,Berserker,capstone_100,capstone,Third Oath,Unlocks at 100 points spent. Choose one of three oaths.,1,100,-909.4447618621665,330.8796031781528,Titan,Two-handed weapons only. Your maximum HP is increased by 1% for every 2 points of maximum Fury you have.,Pure Carnage,"Dual wield only. While in Frenzy, critical strikes release a nova of force that deals 30% of the hit's damage to all enemies within melee range.",Crimson Pact,Your critical strike multiplier bonus is added to your life leech percentage. Your life leech percentage is added to your critical strike multiplier bonus.
Berserker_capstone_200,Berserker,capstone_200,capstone,Final Oath,Unlocks at 200 points spent. Choose one of three oaths.,1,200,-909.4447618621665,90.87960317815282,Ragnarok,"Two-handed weapons only. Your maximum Fury is doubled. While in Wrath, your attacks release shockwaves that deal 50% of the hit's damage to all enemies within 6 meters. Wrath no longer drains Fury passively.",Thousand Deaths,"Dual wield only. While in Frenzy, your attacks chain to one additional nearby enemy for 60% damage. Each kill during Frenzy permanently adds one additional chain target for the remainder of the Frenzy duration.",Eternal Hunger,Your life leech cap is removed entirely. Any HP restored by life leech beyond your maximum is added as overleech that decays at 1% per second. Life leech effectiveness is increased by 50%.
Bulwark_basic_trunk_000,Bulwark,basic_trunk_000,basic,Resolve,"Unlocks the Resolve resource. Resolve is generated by taking hits, blocking, and killing enemies. It decays slowly out of combat. Base Resolve is 100.",1,0,0.0,770.0,,,,,,
Bulwark_basic_trunk_001,Bulwark,basic_trunk_001,basic,Hardened Skin,+3% Armor per point.,8,0,-320.0,530.0,,,,,,
Bulwark_basic_trunk_002,Bulwark,basic_trunk_002,basic,Iron Constitution,+2% Maximum HP per point. At 5 points: Gain HP equal to 10% of your Armor value.,8,0,-320.0,410.0,,,,,,
Bulwark_basic_trunk_004,Bulwark,basic_trunk_004,basic,Bloody Minded,+4% HP Regen per point.,6,0,0.0,650.0,,,,,,
Bulwark_basic_trunk_008,Bulwark,basic_trunk_008,basic,Unyielding,+1.5% damage reduction per point (multiplicative).,8,0,-480.0,290.0,,,,,,
Bulwark_basic_trunk_003,Bulwark,basic_trunk_003,basic,Warbringer,+3% damage per point.,12,0,-160.0,650.0,,,,,,
Bulwark_basic_trunk_005,Bulwark,basic_trunk_005,basic,Battle Scars,+10% Maximum Resolve per point. At 8 points: Resolve no longer decays while you are in combat.,10,0,160.0,650.0,,,,,,
Bulwark_basic_trunk_007,Bulwark,basic_trunk_007,basic,Resolve Under Fire,+1 Resolve generated from taking hits per point. At 5 points: Taking a hit that would reduce you below 30% HP generates an additional 10 Resolve.,10,0,-160.0,530.0,,,,,,
Bulwark_basic_trunk_006,Bulwark,basic_trunk_006,basic,Tempered Steel,+2% Armor and +1% damage for every 25 Resolve currently held per point. At 6 points: These bonuses are doubled while at maximum Resolve.,8,0,0.0,530.0,,,,,,
Bulwark_keystone_trunk_001,Bulwark,keystone_trunk_001,keystone,Unbroken,You cannot be stunned while above 50 Resolve.,1,0,-150.76023868137105,296.74261997285373,,,,,,
Bulwark_keystone_trunk_002,Bulwark,keystone_trunk_002,keystone,Blood and Sweat,"Killing an enemy generates 1 Resolve, up to 5 per second.",1,0,320.0,290.0,,,,,,
Bulwark_keystone_trunk_003,Bulwark,keystone_trunk_003,keystone,Last Resort,"When you drop below 20% HP, instantly gain 50 Resolve. Can only trigger once every 60 seconds.",1,0,-480.0,-310.0,,,,,,
Bulwark_basic_trunk_009,Bulwark,basic_trunk_009,basic,Steeled Resolve,"While above 50 Resolve, gain +3% damage reduction per point. This bonus drains 5 Resolve per second while active. At 6 points: Reduces the drain rate to 2 Resolve per second.",6,0,-160.0,410.0,,,,,,
Bulwark_basic_ic_stem_001,Bulwark,basic_ic_stem_001,basic,Shield Mastery,+2% Block Chance per point. At 5 points: Blocking an attack generates 3 Resolve.,8,0,-480.0,50.0,,,,,,
Bulwark_basic_ic_stem_002,Bulwark,basic_ic_stem_002,basic,Iron Wall,+4% damage reduction on a successful block per point (multiplicative).,6,0,-640.0,-70.0,,,,,,
Bulwark_basic_ic_resolve_001,Bulwark,basic_ic_resolve_001,basic,Iron Will,"While above 75 Resolve, blocked attacks automatically negate all damage from that hit, draining 20 Resolve per block. Per point: reduces the Resolve drain by 2.",8,0,-480.0,-70.0,,,,,,
Bulwark_basic_ic_stem_003,Bulwark,basic_ic_stem_003,basic,Stalwart,+2% Armor per point while a shield is equipped.,8,0,-321.1486173512044,294.71983398099763,,,,,,
Bulwark_basic_ic_t2_001,Bulwark,basic_ic_t2_001,basic,Reinforced Guard,+3% Maximum HP per point while a shield is equipped.,6,0,-480.0,170.0,,,,,,
Bulwark_basic_ic_t1_001,Bulwark,basic_ic_t1_001,basic,Counter Stance,"+4% damage per point for 3 seconds after taking a hit. At 6 points: If you take two hits within 1 second, this bonus is doubled.",8,0,-800.0,-430.0,,,,,,
Bulwark_basic_ic_t2_002,Bulwark,basic_ic_t2_002,basic,Consecutive Blocks,"+2% damage reduction per successive block per point, stacking up to 5 times. Resets if you take an unblocked hit.",6,0,-640.0,-190.0,,,,,,
Bulwark_basic_ic_t1_002,Bulwark,basic_ic_t1_002,basic,Punishing Blow,+3% damage per point for 3 seconds after a successful block.,8,0,-960.0,-550.0,,,,,,
Bulwark_basic_ic_t2_003,Bulwark,basic_ic_t2_003,basic,Shield Slam,"+2% damage per point for every 10% Block Chance you have. At 6 points: Whenever you take a hit while your block streak is active, your next attack deals bonus flat damage equal to 5% of your Armor value.",8,0,-800.0,-310.0,,,,,,
Bulwark_basic_ic_stem_004,Bulwark,basic_ic_stem_004,basic,Aegis Strike,+3% damage per point for every 10% Block Chance you have.,10,0,-640.0,-550.0,,,,,,
Bulwark_basic_ic_t1_003,Bulwark,basic_ic_t1_003,basic,Unbreakable Will,+2% of blocked damage is added to your next attack per point. At 5 points: This bonus is tripled if you block 5 times without attacking.,8,0,-960.0,-670.0,,,,,,
Bulwark_basic_ic_stem_005,Bulwark,basic_ic_stem_005,basic,Resolve to Steel,+1% Block Chance per 10 Resolve currently held per point.,6,0,-406.3581617138485,-188.97800992054616,,,,,,
Bulwark_basic_ic_t3_001,Bulwark,basic_ic_t3_001,basic,Fortified Mind,"+3% Resolve generation from blocking per point. At 5 points: While at maximum Resolve, blocking deals 200 flat damage back to the attacker.",6,0,-320.0,-70.0,,,,,,
Bulwark_basic_ic_t3_002,Bulwark,basic_ic_t3_002,basic,Living Fortress,+2% damage reduction per point for each enemy within 3 meters (multiplicative). At 6 points: Also grants +1% Block Chance per nearby enemy.,8,0,-480.0,-190.0,,,,,,
Bulwark_basic_ic_final_001,Bulwark,basic_ic_final_001,basic,Indomitable,+2% of your total Block Chance is added as flat damage reduction per point (multiplicative).,10,0,-640.0,-670.0,,,,,,
Bulwark_keystone_ic_t1,Bulwark,keystone_ic_t1,keystone,Riposte,"After a successful block, if you have at least 25 Resolve, automatically unleash a counter-attack dealing damage equal to 75% of the damage just blocked, draining 25 Resolve. While at maximum Resolve this counter-attack also stuns the target for 1 second.",1,0,-960.0,-790.0,,,,,,
Bulwark_keystone_ic_t2,Bulwark,keystone_ic_t2,keystone,Unyielding Guard,"Every block within 3 seconds of the last increases Block Chance by 5% and generates 3 Resolve, stacking up to 4 times. Resets if you stop blocking for 3 seconds.",1,0,-640.0,-310.0,,,,,,
Bulwark_keystone_ic_t3,Bulwark,keystone_ic_t3,keystone,Eye of the Storm,"While 3 or more enemies are within 3 meters, you gain 10 Resolve per second and your Block Chance cannot be reduced below 30%.",1,0,-320.0,-310.0,,,,,,
Bulwark_keystone_ic_final,Bulwark,keystone_ic_final,keystone,The Last Bastion,"When you block an attack that would have killed you, instead survive at 1 HP, gain 100 Resolve, and become immune to damage for 2 seconds. Can only trigger once every 120 seconds.",1,0,-640.0,-790.0,,,,,,
Bulwark_basic_jg_stem_001,Bulwark,basic_jg_stem_001,basic,Meat Shield,"+4% Maximum HP per point. Each 1,000 Maximum HP above 5,000 increases your Resolve cap by 5.",12,0,160.0,530.0,,,,,,
Bulwark_basic_jg_stem_002,Bulwark,basic_jg_stem_002,basic,Ironblood,+50 flat HP Regen per second per point.,8,0,160.0,410.0,,,,,,
Bulwark_basic_jg_resolve_001,Bulwark,basic_jg_resolve_001,basic,Blood Tithe,"Lose 5 Resolve for every 100 flat HP regenerated. While above 50% Resolve, gain 50% Maximum HP. At 6 points: The Resolve cost is reduced to 1 per 150 HP regenerated.",6,0,160.0,290.0,,,,,,
Bulwark_basic_jg_t1_001,Bulwark,basic_jg_t1_001,basic,Immovable,"+2% damage reduction per point while you have not moved in the last 2 seconds. At 5 points: While stationary, your Resolve generation from taking hits is doubled.",8,0,0.0,170.0,,,,,,
Bulwark_basic_jg_stem_003,Bulwark,basic_jg_stem_003,basic,Crushing Presence,"+100 flat damage per point. Requires 5,000 Maximum HP to activate.",8,0,480.0,290.0,,,,,,
Bulwark_basic_jg_t1_002,Bulwark,basic_jg_t1_002,basic,Iron Mind,+15% crowd control duration reduction per point. Each crowd control effect applied to you generates 10 Resolve.,6,0,0.0,290.0,,,,,,
Bulwark_basic_jg_stem_004,Bulwark,basic_jg_stem_004,basic,Colossus,"+200 flat HP per point for every 10,000 Maximum HP you have. Requires 10,000 Maximum HP to activate.",8,0,320.0,410.0,,,,,,
Bulwark_basic_jg_t1_003,Bulwark,basic_jg_t1_003,basic,Dead Weight,+3% damage reduction per point while crowd controlled (multiplicative). At 4 points: Taking a crowd control effect retaliates with 500 flat damage.,6,0,0.0,50.0,,,,,,
Bulwark_basic_jg_t2_001,Bulwark,basic_jg_t2_001,basic,Dense Muscle,"+2% damage reduction per point for every 5,000 Maximum HP above 10,000 (multiplicative).",6,0,-160.0,-430.0,,,,,,
Bulwark_basic_jg_stem_005,Bulwark,basic_jg_stem_005,basic,Unstoppable Force,"+1% damage per point for every 1,000 Maximum HP above 10,000.",6,0,-160.0,-550.0,,,,,,
Bulwark_basic_jg_t2_002,Bulwark,basic_jg_t2_002,basic,Weight of the World,"+50 flat damage per point for every 5,000 Maximum HP you have. Requires 8,000 Maximum HP to activate.",8,0,-320.0,-670.0,,,,,,
Bulwark_basic_jg_t3_001,Bulwark,basic_jg_t3_001,basic,War of Attrition,"+2% damage per point for every 5 seconds in continuous combat, stacking up to 10 times.",12,0,0.0,-70.0,,,,,,
Bulwark_basic_jg_t2_003,Bulwark,basic_jg_t2_003,basic,Seismic Slam,+4% chance per point for melee attacks to deal bonus flat damage equal to 1% of your Maximum HP. At 5 points: This bonus damage hits all enemies within 2 meters.,8,0,-320.0,-790.0,,,,,,
Bulwark_basic_jg_t3_002,Bulwark,basic_jg_t3_002,basic,Grinding Advance,"+1% damage reduction per point for every 10 seconds in continuous combat (multiplicative), stacking up to 5 times. At 5 points: Combat duration stacks are lost 50% slower when leaving combat.",6,0,0.0,-190.0,,,,,,
Bulwark_basic_jg_final_001,Bulwark,basic_jg_final_001,basic,Walking Fortress,"+500 flat Maximum HP per point. At 6 points: For every 10,000 Maximum HP you have, gain 1% of your Maximum HP as flat damage reduction (multiplicative).",8,0,160.0,170.0,,,,,,
Bulwark_keystone_jg_t1,Bulwark,keystone_jg_t1,keystone,Immovable Object,"While above 15,000 Maximum HP, you are immune to all crowd control effects. Enemies that attempt to crowd control you instead take 500 flat damage.",1,0,0.0,-310.0,,,,,,
Bulwark_keystone_jg_t2,Bulwark,keystone_jg_t2,keystone,Mountain's Wrath,"Once every 10 seconds, your next attack deals bonus damage equal to 5% of your Maximum HP as flat damage. Requires 20,000 Maximum HP to activate.",1,0,-320.0,-910.0,,,,,,
Bulwark_keystone_jg_t3,Bulwark,keystone_jg_t3,keystone,The Inevitable,"After 10 seconds in continuous combat, you emit an aura that deals flat damage per second to all nearby enemies equal to 1% of your Maximum HP. This damage increases by 0.5% of your Maximum HP for every additional 10 seconds in combat, up to a maximum of 3% of your Maximum HP per second.",1,0,-163.29172550025456,-668.0636908822032,,,,,,
Bulwark_keystone_jg_final,Bulwark,keystone_jg_final,keystone,Titanfall,"When you absorb a single hit exceeding 5,000 flat damage, you become unkillable for 2 seconds and your next attack deals damage equal to the full amount of that hit. Requires 25,000 Maximum HP to activate. Can only trigger once every 30 seconds.",1,0,0.0,-670.0,,,,,,
Bulwark_basic_tw_stem_001,Bulwark,basic_tw_stem_001,basic,Barbed Skin,+2% damage reflected to attackers per point (multiplicative).,8,0,480.0,170.0,,,,,,
Bulwark_basic_tw_stem_002,Bulwark,basic_tw_stem_002,basic,Thick Hide,"+3% damage reduction per point (multiplicative). At 6 points: Each hit you survive increases your retaliation damage by 1% for 5 seconds, stacking up to 10 times.",8,0,480.0,50.0,,,,,,
Bulwark_basic_tw_t2_001,Bulwark,basic_tw_t2_001,basic,Absorb and Return,+3% bonus retaliation damage per point for hits that deal more than 10% of your max HP in a single strike.,8,0,480.0,-70.0,,,,,,
Bulwark_basic_tw_stem_003,Bulwark,basic_tw_stem_003,basic,Spiteful,"+3% Resolve generated from taking hits per point. At 5 points: When you reach maximum Resolve from taking hits, your next retaliation deals 50% bonus damage.",6,0,-160.0,-70.0,,,,,,
Bulwark_basic_tw_resolve_001,Bulwark,basic_tw_resolve_001,basic,Vengeful Discharge,"Passively drains 10 Resolve per second to increase your retaliation damage by +3% per point. When this drain reduces you to 0 Resolve, automatically trigger a retaliation pulse hitting all nearby enemies for 100% of your retaliation damage. At 5 points: This pulse also applies a bleed stack to all enemies hit.",6,0,480.0,-310.0,,,,,,
Bulwark_basic_tw_t2_002,Bulwark,basic_tw_t2_002,basic,Martyrdom,+5% retaliation damage per point for 5 seconds after taking a hit that reduces you below 50% HP.,6,0,640.0,-70.0,,,,,,
Bulwark_basic_tw_stem_004,Bulwark,basic_tw_stem_004,basic,Wrath Incarnate,"+2% retaliation damage per point for each unique enemy that has hit you in the last 10 seconds. While at maximum Resolve, your retaliation damage hits all nearby enemies rather than just your attacker.",10,0,-160.0,-310.0,,,,,,
Bulwark_basic_tw_t2_003,Bulwark,basic_tw_t2_003,basic,Pain is Power,+2% damage per point for every 10% of missing HP. At 5 points: This bonus also applies to retaliation damage.,8,0,480.0,-190.0,,,,,,
Bulwark_basic_tw_t1_001,Bulwark,basic_tw_t1_001,basic,Serrated Edge,+10% bleed duration per point applied by your retaliation damage.,6,0,0.0,-430.0,,,,,,
Bulwark_basic_tw_t3_001,Bulwark,basic_tw_t3_001,basic,Aura of Pain,+5% aura retaliation damage per point. Enemies within 3 meters take retaliation damage equal to a percentage of damage dealt to you.,8,0,640.0,-430.0,,,,,,
Bulwark_basic_tw_t1_002,Bulwark,basic_tw_t1_002,basic,Blood Price,+5% bleed damage per point for each bleed stack on the target.,8,0,0.0,-550.0,,,,,,
Bulwark_basic_tw_t3_002,Bulwark,basic_tw_t3_002,basic,Spreading Thorns,"+1 meter to retaliation aura radius per point. At 4 points: Enemies killed within the aura explode, dealing retaliation damage to nearby enemies.",6,0,800.0,-550.0,,,,,,
Bulwark_basic_tw_stem_005,Bulwark,basic_tw_stem_005,basic,Endless Spite,+1% retaliation damage per point for every 10 Resolve currently held.,6,0,-160.0,-190.0,,,,,,
Bulwark_basic_tw_t1_003,Bulwark,basic_tw_t1_003,basic,Open Wounds,+3% retaliation damage per point for each bleed stack on any nearby enemy. At 5 points: Enemies with 5 or more bleed stacks take 20% increased damage from all sources.,8,0,160.0,-550.0,,,,,,
Bulwark_basic_tw_final_001,Bulwark,basic_tw_final_001,basic,Undying Rage,"+3% retaliation damage per point for every 10% HP missing. At 6 points: While below 25% HP, retaliation damage is doubled and cannot be reduced by enemy resistances.",12,0,640.0,-310.0,,,,,,
Bulwark_keystone_tw_t2,Bulwark,keystone_tw_t2,keystone,Flesh Fortress,"Convert all of your Armor into flat HP. For every 1% Armor lost this way, gain 3% Maximum HP. You can no longer equip shields. Gain 50% increased Resolve from all sources.",1,0,160.0,50.0,,,,,,
Bulwark_keystone_tw_t1,Bulwark,keystone_tw_t1,keystone,Hemorrhage,Your retaliation damage no longer deals instant damage. Instead it is converted into a bleed whose total damage equals the amount that would have been reflected.,1,0,160.0,-670.0,,,,,,
Bulwark_keystone_tw_t3,Bulwark,keystone_tw_t3,keystone,Wrathful Presence,"Your retaliation aura now pulses every second, dealing damage equal to 5% of all damage you have taken in the last 5 seconds to all nearby enemies.",1,0,800.0,-670.0,,,,,,
Bulwark_keystone_tw_final,Bulwark,keystone_tw_final,keystone,Blood for Blood,"50% of all damage you take is reflected back to the attacker. This reflection ignores resistances and cannot be blocked or evaded. The reflection percentage increases by 1% for every 5 Resolve currently held, up to a maximum of 100% at full Resolve.",1,0,0.0,410.0,,,,,,
Bulwark_capstone_25,Bulwark,capstone_25,capstone,First Oath,Unlocks at 25 points spent. Choose one of three oaths.,1,25,-1200.0,770.0,Shield Oath,Blocking an attack restores 50 HP.,Flesh Oath,Regenerate 1% of your current HP per second.,Blood Oath,Your retaliation damage ignores 25% of enemy resistances.
Bulwark_capstone_50,Bulwark,capstone_50,capstone,Second Oath,Unlocks at 50 points spent. Choose one of three oaths.,1,50,-1200.0,530.0,Iron Aegis,Your Block Chance is doubled while you have not attacked in the last 3 seconds.,Titan's Blood,Your HP regeneration is doubled.,Thornwall,"Enemies that hit you are inflicted with a stack of Exposed. Each stack of Exposed increases the retaliation damage they take from you by 5%, stacking up to 10 times."
Bulwark_capstone_100,Bulwark,capstone_100,capstone,Third Oath,Unlocks at 100 points spent. Choose one of three oaths.,1,100,-1200.0,290.0,Bastion,Your Maximum HP is increased by 1% for every 1% Block Chance you have.,Bloodied but Unbroken,Your retaliation damage is increased by 1% for every 75 HP you are missing.,Spiteful Guard,Blocked damage is stored and added to your next retaliation hit.
Bulwark_capstone_200,Bulwark,capstone_200,capstone,Final Oath,Unlocks at 200 points spent. Choose one of three oaths.,1,200,-1200.0,50.0,The Unbreakable Wall,You may equip a shield in your primary weapon slot. You may now block AOE damage.,Colossus Eternal,"All healing, regeneration, and HP bonuses are doubled. While above 50% HP, you are immune to instant-kill effects. While above 75% HP, your attacks deal bonus damage equal to 2% of your current HP.",Wrath Incarnate,"Your retaliation damage percentage is added to your total Armor, and your Armor contributes to your retaliation damage proportional to the damage reduction it provides. When you take a hit that would deal more than 10% of your Maximum HP in a single strike, you erupt — instantly retaliating against all nearby enemies for 200% of your retaliation damage."
Saboteur_basic_trunk_000,Saboteur,basic_trunk_000,basic,Preparation,"Unlocks the Preparation resource. Preparation is generated by placing traps and gadgets, and whenever your traps or gadgets deal damage or trigger. It does not decay.",1,0,0.0,770.0,,,,,,
Saboteur_basic_trunk_001,Saboteur,basic_trunk_001,basic,Hair Trigger,+10% trap trigger radius per point. At 5 points: Traps arm instantly upon placement instead of after a 1 second delay.,8,0,-160.0,650.0,,,,,,
Saboteur_basic_trunk_002,Saboteur,basic_trunk_002,basic,Overkill,"When Preparation is generated while already at maximum, gain a stack of Overkill granting +5% damage. Stacks up to 4 times and lasts 2 seconds.",8,0,0.0,650.0,,,,,,
Saboteur_basic_trunk_003,Saboteur,basic_trunk_003,basic,Calculated,+5 maximum Preparation per point. At 6 points: Your Preparation cannot be reduced by enemy effects.,8,0,0.0,530.0,,,,,,
Saboteur_basic_trunk_004,Saboteur,basic_trunk_004,basic,Slippery,"+1% evasion chance per point. At 5 points: After successfully evading, gain 3 Preparation.",8,0,-320.0,530.0,,,,,,
Saboteur_basic_trunk_005,Saboteur,basic_trunk_005,basic,Light Footed,+5% of your current evasion chance per point while moving.,6,0,160.0,530.0,,,,,,
Saboteur_basic_trunk_006,Saboteur,basic_trunk_006,basic,Bag of Tricks,+1 to maximum active traps and gadgets per point.,3,0,0.0,410.0,,,,,,
Saboteur_basic_trunk_007,Saboteur,basic_trunk_007,basic,Volatile Mixture,+3% trap and explosive area of effect per point. At 5 points: Trap explosions leave a burning patch for 2 seconds dealing 10% of their damage per second.,8,0,-160.0,290.0,,,,,,
Saboteur_basic_trunk_008,Saboteur,basic_trunk_008,basic,Tinkerer,+3% gadget damage per point. At 6 points: Gadgets remain active 20% longer per point invested beyond 6.,8,0,160.0,290.0,,,,,,
Saboteur_basic_trunk_009,Saboteur,basic_trunk_009,basic,On Your Toes,+2% damage per point for 3 seconds after successfully evading.,6,0,-320.0,410.0,,,,,,
Saboteur_basic_trunk_010,Saboteur,basic_trunk_010,basic,Prepared,+2% to all damage per point while above 50% of your maximum Preparation.,10,0,320.0,410.0,,,,,,
Saboteur_basic_trap_stem_001,Saboteur,basic_trap_stem_001,basic,Trapsmith,+6% trap arming speed per point. At 4 points: Traps can be placed while moving without interrupting your movement.,8,0,-160.0,170.0,,,,,,
Saboteur_basic_trap_stem_002,Saboteur,basic_trap_stem_002,basic,Hair Wire,+10% trap trigger radius per point. At 4 points: Traps trigger 20% faster after detecting an enemy.,6,0,-320.0,50.0,,,,,,
Saboteur_basic_trap_stem_003,Saboteur,basic_trap_stem_003,basic,Volatile Casing,"Each active trap on the battlefield reduces the trigger delay of all your other traps by 0.1 seconds per point, to a minimum of 0.1 seconds.",8,0,-160.0,50.0,,,,,,
Saboteur_basic_trap_stem_004,Saboteur,basic_trap_stem_004,basic,Ambush,+5% trap damage per point against enemies that have not yet triggered one of your traps.,8,0,-320.0,-70.0,,,,,,
Saboteur_basic_trap_stem_005,Saboteur,basic_trap_stem_005,basic,Tripwire Network,+1 Preparation per point when a trap is triggered.,5,0,-160.0,-70.0,,,,,,
Saboteur_basic_trap_qty_001,Saboteur,basic_trap_qty_001,basic,Minefield,+10% trap placement speed per point. At 6 points: Your maximum active trap limit is increased by 1.,8,0,-320.0,-190.0,,,,,,
Saboteur_basic_trap_qty_002,Saboteur,basic_trap_qty_002,basic,Chain Reaction,"When a trap is triggered, the nearest inactive trap within 8 meters is also triggered. At 4 points: This chain can occur once per second.",6,0,-480.0,-310.0,,,,,,
Saboteur_basic_trap_qty_003,Saboteur,basic_trap_qty_003,keystone,Saturation,Your evasion chance cap is increased by 5% for each active trap on the battlefield. Bonus evasion from this effect is not subject to the normal 60% cap.,1,0,-320.0,-310.0,,,,,,
Saboteur_basic_trap_qty_004,Saboteur,basic_trap_qty_004,basic,Scattershot,"When you deploy a trap, there is a 10% chance per point to spend 20 Preparation to deploy an additional trap at a random nearby location.",6,0,-480.0,-430.0,,,,,,
Saboteur_keystone_trap_qty,Saboteur,keystone_trap_qty,keystone,Overwhelming Presence,"While at maximum active traps, you deal 50% more trap damage and trap trigger radius is doubled.",1,0,-480.0,-670.0,,,,,,
Saboteur_basic_trap_ql_001,Saboteur,basic_trap_ql_001,basic,Hair Trigger Mechanism,+10% trap damage per point against the first enemy to trigger each trap.,6,0,-160.0,-190.0,,,,,,
Saboteur_basic_trap_ql_002,Saboteur,basic_trap_ql_002,basic,Reinforced Housing,"Traps are not consumed when triggered. Instead each subsequent trigger costs 15 Preparation, reduced by 1 Preparation per point. At 5 points: Each subsequent trigger deals 20% more damage than the last.",8,0,-160.0,-310.0,,,,,,
Saboteur_basic_trap_ql_003,Saboteur,basic_trap_ql_003,basic,Delayed Fuse,Your traps have a 1 second additional arming delay but deal +15% damage per point and cannot be accidentally triggered by you or your gadgets during the arming period.,6,0,-640.0,-430.0,,,,,,
Saboteur_basic_trap_ql_004,Saboteur,basic_trap_ql_004,basic,Marked Territory,Enemies that trigger a trap are marked for 5 seconds. Marked enemies take +5% increased damage per point from all sources.,8,0,-160.0,-430.0,,,,,,
Saboteur_keystone_trap_ql,Saboteur,keystone_trap_ql,keystone,Precision Placement,You may only have one active trap at a time. That trap gains +10% damage and +25% area of effect for each point of your maximum trap limit. Your maximum trap limit still benefits from all other sources.,1,0,-320.0,-550.0,,,,,,
Saboteur_basic_trap_deep_001,Saboteur,basic_trap_deep_001,basic,Bigger Traps,+15% area of effect for traps per point.,6,0,0.0,-550.0,,,,,,
Saboteur_basic_trap_deep_002,Saboteur,basic_trap_deep_002,basic,Death Ground,+3% DoT damage per point applied by traps. At 6 points: Enemies standing in an area where a trap was triggered continue to take DoT damage for 3 seconds.,8,0,-640.0,-550.0,,,,,,
Saboteur_keystone_trap_deep_001,Saboteur,keystone_trap_deep_001,keystone,The Last Surprise,"When your last active trap is triggered, it deals damage equal to the combined total damage of all traps triggered in the last 10 seconds. This can only occur once every 30 seconds.",1,0,0.0,-670.0,,,,,,
Saboteur_keystone_trap_deep_002,Saboteur,keystone_trap_deep_002,keystone,Calculated Chaos,Your traps no longer have a maximum active limit. Instead each active trap beyond your normal maximum drains 5 Preparation per second. When you reach 0 Preparation all excess traps are immediately triggered simultaneously.,1,0,-640.0,-670.0,,,,,,
Saboteur_basic_gadget_stem_001,Saboteur,basic_gadget_stem_001,basic,Field Engineer,+12% gadget deployment speed per point. At 4 points: Deploying a gadget does not interrupt any action you are currently performing.,8,0,160.0,170.0,,,,,,
Saboteur_basic_gadget_stem_002,Saboteur,basic_gadget_stem_002,basic,Reinforced Frame,"+8% gadget HP per point. At 5 points: When a gadget is destroyed, gain 10 Preparation.",8,0,320.0,50.0,,,,,,
Saboteur_basic_gadget_stem_003,Saboteur,basic_gadget_stem_003,basic,Efficient Design,Each active gadget on the battlefield extends the active duration of all your other gadgets by 2 seconds per point.,6,0,160.0,50.0,,,,,,
Saboteur_basic_gadget_stem_004,Saboteur,basic_gadget_stem_004,basic,Overcharge,"When a gadget is deployed, it automatically consumes 2 Preparation per point to grant +5% damage and +5% HP per Preparation consumed.",6,0,480.0,-70.0,,,,,,
Saboteur_basic_gadget_stem_005,Saboteur,basic_gadget_stem_005,basic,Support Network,+3% gadget damage per point for each active trap on the battlefield. At 4 points: Active gadgets increase trap trigger radius by 10%.,6,0,160.0,-70.0,,,,,,
Saboteur_basic_gadget_dep_001,Saboteur,basic_gadget_dep_001,basic,Hot Deploy,+2% gadget attack speed per point for every 10 Preparation spent in the last 5 seconds.,8,0,160.0,-190.0,,,,,,
Saboteur_basic_gadget_dep_002,Saboteur,basic_gadget_dep_002,basic,Overclock,"When a gadget is deployed, it passively drains 2 Preparation per point over 10 seconds, gaining +5% attack speed for each Preparation drained.",6,0,320.0,-310.0,,,,,,
Saboteur_basic_gadget_dep_003,Saboteur,basic_gadget_dep_003,basic,Volatile Construction,"When a gadget is destroyed, it explodes dealing damage equal to +15% of its maximum HP per point to all nearby enemies.",8,0,160.0,-310.0,,,,,,
Saboteur_basic_gadget_dep_004,Saboteur,basic_gadget_dep_004,basic,Last Stand Protocol,"When a gadget is reduced below 25% HP, it gains +8% attack speed and +8% damage per point for 5 seconds.",6,0,320.0,-430.0,,,,,,
Saboteur_basic_gadget_dep_005,Saboteur,basic_gadget_dep_005,basic,Rapid Deployment,"Reduces the Preparation cost of all automatic gadget empowerment effects by 1 per point. At 6 points: Once every 15 seconds, your next gadget deployment costs no Preparation to empower.",8,0,74.80239881694055,-423.80381082305024,,,,,,
Saboteur_keystone_gadget_dep,Saboteur,keystone_gadget_dep,keystone,Forward Operating Base,"When you deploy a gadget, all other active gadgets are pulled to the most recent gadget.",1,0,480.0,-430.0,,,,,,
Saboteur_basic_gadget_sus_001,Saboteur,basic_gadget_sus_001,basic,Steady Power,Gadgets passively drain 1 Preparation per second while active. Your gadgets gain +4% damage per point for each point of Preparation above 50% of your maximum that you currently have.,8,0,480.0,-190.0,,,,,,
Saboteur_basic_gadget_sus_002,Saboteur,basic_gadget_sus_002,basic,Persistent Systems,+15% gadget HP regeneration per point per second while above 50% HP. At 4 points: Gadgets that survive for 20 seconds gain a permanent +10% damage stack.,6,0,480.0,-310.0,,,,,,
Saboteur_basic_gadget_sus_003,Saboteur,basic_gadget_sus_003,keystone,Power Surge,"Your gadgets build a charge over time, gaining one stack every 5 seconds up to a maximum of 5 stacks. At maximum stacks the gadget discharges, dealing 40% of its attack damage to all nearby enemies and resetting to 0 stacks.",1,0,640.0,-310.0,,,,,,
Saboteur_basic_gadget_sus_004,Saboteur,basic_gadget_sus_004,basic,Symbiosis,+2% gadget damage per point for each second a gadget has been continuously active up to a maximum of 20 seconds.,6,0,640.0,-430.0,,,,,,
Saboteur_basic_gadget_sus_005,Saboteur,basic_gadget_sus_005,basic,Redundant Systems,+5% chance per point that a gadget ignores damage from a hit entirely. At 6 points: When a gadget successfully ignores damage gain 5 Preparation.,8,0,320.0,-550.0,,,,,,
Saboteur_keystone_gadget_sus,Saboteur,keystone_gadget_sus,keystone,Siege Mode,After remaining stationary for 3 seconds your gadgets gain +5% damage and +3% range per second stationary up to a maximum of 10 seconds. Moving more than 10 meters from any active gadget resets the bonus.,1,0,640.0,-550.0,,,,,,
Saboteur_basic_gadget_deep_001,Saboteur,basic_gadget_deep_001,basic,Combat Engineer,+8% gadget attack range per point for each active gadget on the battlefield. At 5 points: Gadgets can attack enemies through terrain within their range.,8,0,160.0,-550.0,,,,,,
Saboteur_basic_gadget_deep_002,Saboteur,basic_gadget_deep_002,basic,Coordinated Strike,Once per second when you hit an enemy your nearest active gadget also attacks that enemy dealing +8% bonus damage per point. At 4 points: This effect triggers for all active gadgets simultaneously.,6,0,160.0,-670.0,,,,,,
Saboteur_basic_gadget_deep_003,Saboteur,basic_gadget_deep_003,basic,Scrap and Rebuild,When a gadget is destroyed gain +5 Preparation per point and reduce the deployment cooldown of your next gadget by 2 seconds per point.,6,0,320.0,-670.0,,,,,,
Saboteur_keystone_gadget_deep_001,Saboteur,keystone_gadget_deep_001,keystone,Mechanical Familiar,Your maximum active gadget limit is increased by 1. Your gadgets gain +1% bonus damage and +5% bonus HP per 10 Preparation.,1,0,160.0,-910.0,,,,,,
Saboteur_keystone_gadget_deep_002,Saboteur,keystone_gadget_deep_002,keystone,Army of One,"Each active gadget on the battlefield grants you +15% damage, +8% evasion chance, and +15 maximum Preparation. These bonuses update in real time as gadgets are deployed or destroyed.",1,0,480.0,-550.0,,,,,,
Saboteur_capstone_25,Saboteur,capstone_25,capstone,First Oath,Unlocks at 25 points spent. Choose one of three oaths.,1,25,-1400.0,770.0,,,,,,
Saboteur_capstone_50,Saboteur,capstone_50,capstone,Second Oath,Unlocks at 50 points spent. Choose one of three oaths.,1,50,-1400.0,510.0,,,,,,
Saboteur_capstone_100,Saboteur,capstone_100,capstone,Third Oath,Unlocks at 100 points spent. Choose one of three oaths.,1,100,-1400.0,250.0,,,,,,
Saboteur_capstone_200,Saboteur,capstone_200,capstone,Final Oath,Unlocks at 200 points spent. Choose one of three oaths.,1,200,-1400.0,-10.0,,,,,,
Saboteur_basic_trunk_011,Saboteur,basic_trunk_011,basic,Ghost Step,"+1% movement speed per point. At 5 points: While above 50% maximum Preparation, gain an additional 2% movement speed per point.",8,0,-480.0,410.0,,,,,,
Saboteur_basic_trunk_012,Saboteur,basic_trunk_012,basic,Razor Instincts,+3% evasion chance per point for 3 seconds after placing a trap or gadget.,6,0,160.0,410.0,,,,,,
Saboteur_basic_trunk_013,Saboteur,basic_trunk_013,keystone,Thin Air,You cannot be targeted while moving. Taking damage breaks this effect for 2 seconds.,1,0,-480.0,290.0,,,,,,
Saboteur_basic_trunk_014,Saboteur,basic_trunk_014,basic,Durable Modifications,+3% damage reduction per point. At 4 points: This damage reduction is doubled while above 50% maximum Preparation.,6,0,320.0,290.0,,,,,,
Saboteur_basic_trap_mid_001,Saboteur,basic_trap_mid_001,basic,Pressure Sensitive,Traps apply a 20% slow per point to triggered enemies for 2 seconds. At 4 points: Enemies slowed by your traps also take +15% increased damage from all trap sources.,6,0,0.0,-310.0,,,,,,
Saboteur_basic_trap_mid_002,Saboteur,basic_trap_mid_002,basic,Sprung,+3% movement speed per point for 3 seconds after one of your traps is triggered.,8,0,0.0,-190.0,,,,,,
Saboteur_basic_trap_mid_003,Saboteur,basic_trap_mid_003,keystone,Concealed,"Your traps do not reveal your position when triggered. Additionally, the first enemy to enter each trap's trigger radius is rooted for 0.5 seconds per point before the trap fires.",1,0,-480.0,-70.0,,,,,,
Saboteur_basic_trap_mid_004,Saboteur,basic_trap_mid_004,basic,Hair Wire Expertise,+8% trap attack speed and trigger rate per point for each unique trap type currently active on the battlefield.,8,0,-480.0,-550.0,,,,,,
Saboteur_basic_trap_mid_005,Saboteur,basic_trap_mid_005,basic,Bleeding Ground,+10% chance per point that triggering a trap also applies a bleed stack to the triggering enemy.,6,0,0.0,-70.0,,,,,,
Saboteur_basic_trap_mid_006,Saboteur,basic_trap_mid_006,basic,Snap Back,+4% evasion chance per point while you have at least one active trap on the battlefield.,8,0,0.0,50.0,,,,,,
Saboteur_basic_trap_mid_007,Saboteur,basic_trap_mid_007,basic,Callous Setup,"+5% trap damage per point for every 10% of your evasion chance, up to a maximum of 60%.",6,0,-160.0,-550.0,,,,,,
Saboteur_basic_gadget_mid_001,Saboteur,basic_gadget_mid_001,basic,Mobile Armory,+2% movement speed per point for each active gadget on the battlefield.,8,0,480.0,50.0,,,,,,
Saboteur_basic_gadget_mid_002,Saboteur,basic_gadget_mid_002,basic,Overcautious,+4% evasion chance per point while any of your gadgets are under attack.,6,0,640.0,-70.0,,,,,,
Saboteur_basic_gadget_mid_003,Saboteur,basic_gadget_mid_003,keystone,Synchronized,"When one of your traps is triggered, the nearest active gadget immediately fires at the triggering enemy. When one of your gadgets is destroyed, the nearest active trap triggers instantly.",1,0,320.0,170.0,,,,,,
Saboteur_basic_gadget_mid_004,Saboteur,basic_gadget_mid_004,basic,Emergency Protocol,+5% movement speed and +5% evasion per point for 5 seconds when a gadget is destroyed.,6,0,480.0,-670.0,,,,,,
Saboteur_basic_gadget_mid_005,Saboteur,basic_gadget_mid_005,keystone,Calculated Risk,Your evasion chance is permanently set to 0%. All gadget damage is increased by 3% for every 1% of evasion chance you would have had from all sources.,1,0,320.0,-70.0,,,,,,
Saboteur_basic_gadget_mid_006,Saboteur,basic_gadget_mid_006,basic,Sentry Network,+2% evasion chance per point while within 15 meters of at least one active gadget.,6,0,160.0,-790.0,,,,,,
Saboteur_basic_gadget_mid_007,Saboteur,basic_gadget_mid_007,keystone,Jury Rigged,"Your gadgets cannot be destroyed. Instead, when they would be destroyed they are reduced to 1 HP and gain +100% damage and +100% attack speed until repaired to full HP. Can only trigger once per gadget per deployment.",1,0,640.0,-190.0,,,,,,
Masochist_basic_spine_000,Masochist,basic_spine_000,basic,Anguish,"Unlocks the Anguish resource. Anguish is generated by health you lose: 1 Anguish per 1% of maximum health lost to damage, and 1 Anguish per 1% of maximum health spent as an ability cost. Healing removes it at the same rate, 1 Anguish per 1% of maximum health restored, so health regeneration is what decays it rather than a timer. Base maximum Anguish is 100.",1,0,0.0,1200.0,,,,,,
Masochist_basic_spine_001,Masochist,basic_spine_001,basic,Pain Tolerance,+1% increased Maximum Health and +0.5% increased Armor per point.,12,0,-160.0,1040.0,,,,,,
Masochist_basic_spine_002,Masochist,basic_spine_002,basic,Willing Flesh,+2% increased Health Regeneration per point.,6,0,160.0,1040.0,,,,,,
Masochist_basic_spine_003,Masochist,basic_spine_003,basic,Cataclysmic Resonance,+1% increased damage per point for 5 seconds after you take damage of a Cataclysm type other than Demonic.,12,0,-160.0,880.0,,,,,,
Masochist_basic_spine_004,Masochist,basic_spine_004,basic,Brutal Determination,+2% increased Life Leech per point.,10,0,-160.0,720.0,,,,,,
Masochist_basic_spine_005,Masochist,basic_spine_005,basic,Echoes of Agony,Damage taken from damage over time effects is reduced by 1% per point.,10,0,160.0,720.0,,,,,,
Masochist_basic_spine_006,Masochist,basic_spine_006,basic,Open Wounds,+2% increased Anguish gained from health lost to damage per point.,8,0,-160.0,560.0,,,,,,
Masochist_basic_spine_007,Masochist,basic_spine_007,basic,Blood Price,+2% increased Anguish gained from health spent as an ability cost per point.,8,0,160.0,560.0,,,,,,
Masochist_basic_spine_008,Masochist,basic_spine_008,basic,Scar Tissue,+2% increased maximum Anguish per point.,8,0,-160.0,400.0,,,,,,
Masochist_basic_spine_009,Masochist,basic_spine_009,basic,Hardened Nerves,+2% increased Crowd Control Resistance per point.,6,0,160.0,400.0,,,,,,
Masochist_basic_spine_010,Masochist,basic_spine_010,basic,Retributive Instinct,+3% increased Retaliation per point.,6,0,-160.0,240.0,,,,,,
Masochist_keystone_spine_001,Masochist,keystone_spine_001,keystone,Communion of Pain,While your Anguish is at maximum you deal 20% more damage and take 20% more damage.,1,0,-320.0,1240.0,,,,,,
Masochist_keystone_spine_002,Masochist,keystone_spine_002,keystone,Sanguine Ledger,"Health regeneration no longer removes Anguish, but your Health Regeneration is halved.",1,0,-320.0,720.0,,,,,,
Masochist_keystone_spine_003,Masochist,keystone_spine_003,keystone,Reciprocity,Your Retaliation damage is increased by 1% for each point of Anguish you currently hold.,1,0,-160.0,80.0,,,,,,
Masochist_basic_fc_stem0,Masochist,basic_fc_stem0,basic,Iron Hide,+3% increased Armor per point.,8,0,-400.0,400.0,,,,,,
Masochist_basic_fc_stem1,Masochist,basic_fc_stem1,basic,Bulk,+1% increased Maximum Health per point.,6,0,-640.0,400.0,,,,,,
Masochist_basic_fc_stem2,Masochist,basic_fc_stem2,basic,Reprisal,+3% increased Retaliation per point.,6,0,-880.0,400.0,,,,,,
Masochist_basic_fc_a0,Masochist,basic_fc_a0,basic,Vicious Onslaught,+1% increased Attack Damage per point for every 5% of your maximum health that is missing.,12,0,-640.0,200.0,,,,,,
Masochist_basic_fc_a1,Masochist,basic_fc_a1,basic,Blood Offering,"Taking physical damage grants a stack of Bloodlust for 5 seconds, up to 5 stacks. Each stack gives +1% increased melee physical damage per point.",10,0,-880.0,200.0,,,,,,
Masochist_basic_fc_a2,Masochist,basic_fc_a2,basic,Thirst for Pain,"While you are Bleeding, +2% increased Attack Speed per point.",8,0,-1120.0,200.0,,,,,,
Masochist_basic_fc_b0,Masochist,basic_fc_b0,basic,Battle-Scarred,+2% increased Armor per point for each unique debuff on you.,8,0,-640.0,600.0,,,,,,
Masochist_basic_fc_b1,Masochist,basic_fc_b1,basic,Undying Hunger,+3% increased Life Leech per point.,8,0,-880.0,600.0,,,,,,
Masochist_basic_fc_b2,Masochist,basic_fc_b2,basic,Mutilation Mastery,Your melee critical strikes have a 5% chance per point to apply Bleeding.,8,0,-1120.0,600.0,,,,,,
Masochist_basic_fc_c0,Masochist,basic_fc_c0,basic,Gorge,+2% increased Anguish gained from health lost to damage per point.,6,0,-1120.0,400.0,,,,,,
Masochist_basic_fc_c1,Masochist,basic_fc_c1,basic,Unflinching,+2% increased Crowd Control Resistance per point.,6,0,-1360.0,400.0,,,,,,
Masochist_keystone_fc_kA,Masochist,keystone_fc_kA,keystone,Carnage,"Killing an enemy while above 75 Anguish grants a stack of Carnage for 8 seconds, up to 10 stacks. Each stack gives 3% more melee damage.",1,0,-1360.0,200.0,,,,,,
Masochist_keystone_fc_kB,Masochist,keystone_fc_kB,keystone,Wounds That Feed,Healing from Life Leech does not remove Anguish.,1,0,-1360.0,600.0,,,,,,
Masochist_keystone_fc_kC,Masochist,keystone_fc_kC,keystone,Flesh Craver,"You gain 30% more Anguish from health lost to damage, and 50% less Anguish from health spent as an ability cost.",1,0,-1600.0,400.0,,,,,,
Masochist_basic_ss_stem0,Masochist,basic_ss_stem0,basic,Void-Attuned,+1% increased Chaos damage per point.,8,0,400.0,400.0,,,,,,
Masochist_basic_ss_stem1,Masochist,basic_ss_stem1,basic,Wellspring,+2% increased Maximum Mana per point.,6,0,640.0,400.0,,,,,,
Masochist_basic_ss_stem2,Masochist,basic_ss_stem2,basic,Bleeding Thought,+2% increased Mana Regeneration per point.,6,0,880.0,400.0,,,,,,
Masochist_basic_ss_a0,Masochist,basic_ss_a0,basic,Volatile Minds,+1% increased Spell Damage per point for every 5% of your maximum mana that is missing.,12,0,640.0,200.0,,,,,,
Masochist_basic_ss_a1,Masochist,basic_ss_a1,basic,Arcane Martyrdom,Your spells have a 3% chance per point to cast a second time. The second cast costs 1% of your current health per point.,10,0,880.0,200.0,,,,,,
Masochist_basic_ss_a2,Masochist,basic_ss_a2,basic,Unstable Conduit,"Casting a spell grants a stack of Unstable for 5 seconds, up to 5 stacks. Each stack gives +1% increased Spell Damage and +1% increased mana cost per point.",8,0,1120.0,200.0,,,,,,
Masochist_basic_ss_b0,Masochist,basic_ss_b0,basic,Mental Anguish,Using a skill with a mana cost also costs 0.5% of your current health per point. This cannot kill you.,8,0,640.0,600.0,,,,,,
Masochist_basic_ss_b1,Masochist,basic_ss_b1,basic,Sacrificial Focus,+2% increased Anguish gained from health spent as an ability cost per point.,8,0,880.0,600.0,,,,,,
Masochist_basic_ss_b2,Masochist,basic_ss_b2,basic,Rupture Focus,"When your Energy Shield breaks, enemies within 6 metres are stunned for 0.1 seconds per point.",8,0,1120.0,600.0,,,,,,
Masochist_basic_ss_c0,Masochist,basic_ss_c0,basic,Grim Study,+2% increased Area of Effect per point.,6,0,1120.0,400.0,,,,,,
Masochist_basic_ss_c1,Masochist,basic_ss_c1,basic,Deep Reserves,+2% increased maximum Anguish per point.,6,0,1360.0,400.0,,,,,,
Masochist_keystone_ss_kA,Masochist,keystone_ss_kA,keystone,Exsanguinate,"Your spells deal 1% more damage for every 2 points of Anguish you currently hold, but your mana does not regenerate.",1,0,1360.0,200.0,,,,,,
Masochist_keystone_ss_kB,Masochist,keystone_ss_kB,keystone,Martyr's Wellspring,Health spent as an ability cost is not taken immediately. It becomes a debuff on you that deals the same total damage over 4 seconds.,1,0,1360.0,600.0,,,,,,
Masochist_keystone_ss_kC,Masochist,keystone_ss_kC,keystone,Soul Scourge,"You gain 30% more Anguish from health spent as an ability cost, and 50% less Anguish from health lost to damage.",1,0,1600.0,400.0,,,,,,
Masochist_basic_fl_stem0,Masochist,basic_fl_stem0,basic,Stigmata,+2% increased damage over time damage per point.,6,0,-400.0,1040.0,,,,,,
Masochist_basic_fl_stem1,Masochist,basic_fl_stem1,basic,Lingering Hurt,+2% increased damage over time duration per point.,6,0,-640.0,1040.0,,,,,,
Masochist_basic_fl_stem2,Masochist,basic_fl_stem2,basic,Penitent,+1% increased Maximum Health per point.,6,0,-880.0,1040.0,,,,,,
Masochist_basic_fl_a0,Masochist,basic_fl_a0,basic,Endurance in Suffering,"For each unique debuff on you, +1% increased damage and +0.5% increased Damage Reduction per point.",8,0,-640.0,840.0,,,,,,
Masochist_basic_fl_a1,Masochist,basic_fl_a1,basic,Wound Channeling,"Damage from debuffs on you is increased by 1% per point, and you deal 1% increased damage per point to enemies carrying a debuff you also carry.",8,0,-880.0,840.0,,,,,,
Masochist_basic_fl_a2,Masochist,basic_fl_a2,basic,Symphony of Pain,"Debuffs on you last 2% longer per point, and their effect on you is reduced by 1% per point.",8,0,-1120.0,840.0,,,,,,
Masochist_basic_fl_b0,Masochist,basic_fl_b0,basic,Contagious Torment,"When a debuff on you deals damage, enemies within 6 metres have a 1% chance per point to receive a random debuff you carry.",8,0,-640.0,1240.0,,,,,,
Masochist_basic_fl_b1,Masochist,basic_fl_b1,basic,Empathic Link,"When an enemy dies, its debuffs have a 2% chance per point to pass to a random enemy within 6 metres.",8,0,-880.0,1240.0,,,,,,
Masochist_basic_fl_b2,Masochist,basic_fl_b2,basic,Beacon of Despair,You radiate an aura that applies a random debuff to enemies within 6 metres every 3 seconds. The duration of those debuffs is increased by 4% per point.,8,0,-1120.0,1240.0,,,,,,
Masochist_basic_fl_c0,Masochist,basic_fl_c0,basic,Shared Agony,+2% increased Anguish gained from health lost to damage over time per point.,8,0,-1120.0,1040.0,,,,,,
Masochist_basic_fl_c1,Masochist,basic_fl_c1,basic,Ceaseless,+2% increased maximum Anguish per point.,6,0,-1360.0,1040.0,,,,,,
Masochist_keystone_fl_kA,Masochist,keystone_fl_kA,keystone,Vessel of Plagues,"You can carry twice as many unique debuffs, and debuffs on you deal 50% more damage to you.",1,0,-1360.0,840.0,,,,,,
Masochist_keystone_fl_kB,Masochist,keystone_fl_kB,keystone,Doctrine of Pain,You deal 4% more damage for each unique debuff on you.,1,0,-1360.0,1240.0,,,,,,
Masochist_keystone_fl_kC,Masochist,keystone_fl_kC,keystone,Flagellant,Every debuff on you grants 5 Anguish per second for as long as it lasts.,1,0,-1600.0,1040.0,,,,,,
Masochist_basic_ll_stem0,Masochist,basic_ll_stem0,basic,Quickened,+1% increased Movement Speed per point.,6,0,400.0,1040.0,,,,,,
Masochist_basic_ll_stem1,Masochist,basic_ll_stem1,basic,Razor's Edge,+3% increased Critical Strike Multiplier per point.,6,0,640.0,1040.0,,,,,,
Masochist_basic_ll_stem2,Masochist,basic_ll_stem2,basic,Defiance,+2% increased Retaliation per point.,6,0,880.0,1040.0,,,,,,
Masochist_basic_ll_a0,Masochist,basic_ll_a0,basic,Living on the Edge,"While at or below 35% health, +2% increased damage per point.",10,0,640.0,840.0,,,,,,
Masochist_basic_ll_a1,Masochist,basic_ll_a1,basic,Last Stand,"While at or below 20% health, +3% increased Critical Strike Chance per point.",8,0,880.0,840.0,,,,,,
Masochist_basic_ll_a2,Masochist,basic_ll_a2,basic,The Catalyst,"While at or below 5% health, your skills have a 5% chance per point not to go on cooldown.",8,0,1120.0,840.0,,,,,,
Masochist_basic_ll_b0,Masochist,basic_ll_b0,basic,Desperate Measures,"While at or below 50% health, +1% increased Movement Speed per point.",8,0,640.0,1240.0,,,,,,
Masochist_basic_ll_b1,Masochist,basic_ll_b1,basic,The Breaking Point,"Dropping below 50% health converts all damage you take into Bleeding over 5 seconds. The conversion lasts 3 seconds, increased by 5% per point, and cannot happen more than once every 10 seconds.",8,0,880.0,1240.0,,,,,,
Masochist_basic_ll_b2,Masochist,basic_ll_b2,basic,Unstable Aura,"While at or below 10% health, you release a nova every 5 seconds dealing damage equal to 1% of your missing health per point to enemies within 6 metres.",8,0,1120.0,1240.0,,,,,,
Masochist_basic_ll_c0,Masochist,basic_ll_c0,basic,Bloodletting,+2% increased Anguish gained from health spent as an ability cost per point.,8,0,1120.0,1040.0,,,,,,
Masochist_basic_ll_c1,Masochist,basic_ll_c1,basic,Threadbare,+2% increased maximum Anguish per point.,6,0,1360.0,1040.0,,,,,,
Masochist_keystone_ll_kA,Masochist,keystone_ll_kA,keystone,The Edge,While at or below 20% health you take 25% less damage and your Anguish does not decrease.,1,0,1360.0,840.0,,,,,,
Masochist_keystone_ll_kB,Masochist,keystone_ll_kB,keystone,Point of No Return,"You cannot be healed above 50% of your maximum health, but you deal 25% more damage.",1,0,1360.0,1240.0,,,,,,
Masochist_keystone_ll_kC,Masochist,keystone_ll_kC,keystone,Low Life,While at or below 35% health you gain 10 Anguish per second.,1,0,1600.0,1040.0,,,,,,
Masochist_capstone_25,Masochist,capstone_25,capstone,The First Vow,Unlocks at 25 points spent. Choose one. The choice is permanent.,1,25,-2000.0,1200.0,"Iron Will, but For the Soul","You can no longer be killed by physical damage, but 50% of all physical damage you take is converted to chaos damage.","The Unbreakable, but For the Mind","You can no longer be stunned or frozen, but your Mana and Energy Shield no longer regenerate naturally.",Water to Blood,"You no longer have a mana pool. All maximum mana is converted into added maximum health, and every ability costs health instead of mana."
Masochist_capstone_50,Masochist,capstone_50,capstone,The Second Vow,Unlocks at 50 points spent. Choose one. The choice is permanent.,1,50,-2000.0,960.0,"The Scourge of Flesh, but For the Self","Your attacks and spells have a 10% chance to inflict a stack of Withered on enemies, but every third skill you cast inflicts a stack of Withered on you.","The Immortal Champion, but For the Weak","Dropping below 50% health grants immunity to all damage for 5 seconds, but you deal 50% less damage while it lasts. This cannot happen more than once every 60 seconds.","The Void Embrace, but For the Sanity",For each Void item you have equipped you gain 50% increased chaos damage and lose 10% of your maximum health.
Masochist_capstone_100,Masochist,capstone_100,capstone,The Third Vow,Unlocks at 100 points spent. Choose one. The choice is permanent.,1,100,-2000.0,720.0,"Reaper's Gambit, but For the End","When you would drop to 0 health you are restored to full health instead, but you die if you take any damage in the next 10 seconds. This cannot happen more than once every 180 seconds.","The Unyielding, but For the World","You are immune to all debuffs and crowd control, but you cannot receive buffs from other players or from city upgrades.","The Cataclysmic Echo, but For the Soul",Each dungeon modifier in the dungeon you are in has a 10% chance to apply to you as a buff and a 25% chance to apply to you as a curse for the rest of that run.
Masochist_capstone_200,Masochist,capstone_200,capstone,The Final Vow,Unlocks at 200 points spent. Choose one. The choice is permanent.,1,200,-2000.0,480.0,"The Martyr, but For the Flesh","All damage you take is also dealt to every enemy within 12 metres, but your Health Regeneration is set to zero.","Apotheosis, but For the Mind","Your Anguish has no maximum, but you take 1% more damage for every 100 Anguish you hold.","The Undying, but For the End",You cannot die while you hold Anguish. Lethal damage instead consumes all of it and leaves you at 1 health. You cannot gain Anguish for 20 seconds afterwards.
